{
  "eye": {
    "orientation": [
      -0.0012270845472812653,
      0.7164515256881714,
      -0.025183722376823425,
      0.697181224822998
    ],
    "magnitude": 0.7880481481552124,
    "position": [
      1251.0587158203125,
      675.951171875,
      657.5968017578125
    ]
  },
  "radius": 793.2212524414062,
  "type": "PERSPECTIVE"
}